[
  {
    "name": "Spicy Chickpea Stew",
    "description": "A hearty stew with chickpeas, tomatoes, and warming spices.",
    "tags": ["spicy", "vegan", "high-protein", "budget"],
    "budget": 5,
    "prep_time": 30,
    "ingredients": ["chickpeas", "tomato", "onion", "spices"]
  },
  {
    "name": "Creamy Tomato Pasta",
    "description": "Comforting pasta in a creamy tomato sauce with garlic and basil.",
    "tags": ["creamy", "vegetarian", "quick", "budget"],
    "budget": 4,
    "prep_time": 20,
    "ingredients": ["pasta", "tomato", "cream", "garlic"]
  },
  {
    "name": "Grilled Chicken Salad",
    "description": "Fresh greens topped with grilled chicken, avocado, and lemon dressing.",
    "tags": ["healthy", "low-carb", "high-protein", "gluten-free"],
    "budget": 7,
    "prep_time": 25,
    "ingredients": ["chicken", "avocado", "lettuce", "lemon"]
  },
  {
    "name": "Stir-Fried Tofu and Veggies",
    "description": "Tofu stir-fried with colorful vegetables and soy-ginger sauce.",
    "tags": ["vegan", "gluten-free", "quick", "budget"],
    "budget": 5,
    "prep_time": 15,
    "ingredients": ["tofu", "carrot", "pepper", "soy sauce"]
  },
  {
    "name": "Beef and Broccoli Bowl",
    "description": "Tender beef slices with steamed broccoli in a savory sauce over rice.",
    "tags": ["protein-rich", "meal-prep", "asian", "filling"],
    "budget": 8,
    "prep_time": 35,
    "ingredients": ["beef", "broccoli", "rice", "soy sauce"]
  }
]
